{
  "experiment_config": {
    "variables": {
      "num_cooks": [
        3
      ],
      "num_packers": [
        1,
        2
      ],
      "lambda_walkin": [
        20
      ]
    },
    "num_replications": 5,
    "sim_duration": 480
  },
  "timestamp": "2025-12-09T02:47:10.146653",
  "results": [
    {
      "scenario_id": 1,
      "replication": 1,
      "random_seed": 1,
      "num_cooks": 3,
      "num_packers": 1,
      "lambda_walkin": 20,
      "arrival_total": 745,
      "arrival_breakdown": {
        "WALK_IN": 300,
        "DRIVE_THRU": 250,
        "MOBILE": 195
      },
      "throughput_total": 620,
      "throughput_breakdown": {
        "WALK_IN": 221,
        "DRIVE_THRU": 229,
        "MOBILE": 170
      },
      "queue_lengths": 0,
      "queue_breakdown": {
        "Walkin queue": 0,
        "Drive-thru queue": 0,
        "Kitchen queue": 0,
        "Packing queue": 0
      },
      "wait_WALK_IN_avg": 15.865934698131536,
      "wait_WALK_IN_p90": 27.684015345561107,
      "wait_DRIVE_THRU_avg": 21.207591360712744,
      "wait_DRIVE_THRU_p90": 37.49689232615562,
      "wait_MOBILE_avg": 16.84354093455002,
      "wait_MOBILE_p90": 28.504220083709242,
      "util_CASHIER": 0.5214712460592154,
      "util_DRIVE_THRU": 0.45712366373593194,
      "util_COOK": 0.645832918603378,
      "util_PACKER": 0.6538747745823874,
      "util_ESPRESSO": 0.09722095762614366,
      "util_BUSSER": 0.8381996845461843,
      "util_BREW": 0.15104166666666666,
      "waste_items": 62,
      "cost_waste": 223.04999999999998,
      "balk_count": 6,
      "renege_count": 122,
      "renege_percentage": 0.16375838926174496,
      "renege_breakdown": {
        "kitchen": 60,
        "packing": 54,
        "pickup": 8
      },
      "no_seat_count": 0,
      "time_simulated": 480.1767211197295,
      "total_labour_costs": 1080.4241306873507,
      "total_sales_price": 4306.0,
      "total_penalties": 28.980000000000008,
      "total_profit": 2973.545869312649,
      "order_timings": {
        "wait_to_kitchen_done": 7116.975811805135,
        "wait_to_packing_done": 2625.996778969673,
        "wait_to_pickup": 366.51593226380015,
        "queue_wait_kitchen": 6321.215060793306,
        "queue_wait_packing": 2303.15012314148
      }
    },
    {
      "scenario_id": 1,
      "replication": 2,
      "random_seed": 2,
      "num_cooks": 3,
      "num_packers": 1,
      "lambda_walkin": 20,
      "arrival_total": 803,
      "arrival_breakdown": {
        "WALK_IN": 312,
        "DRIVE_THRU": 289,
        "MOBILE": 202
      },
      "throughput_total": 637,
      "throughput_breakdown": {
        "WALK_IN": 182,
        "DRIVE_THRU": 280,
        "MOBILE": 175
      },
      "queue_lengths": 1,
      "queue_breakdown": {
        "Walkin queue": 0,
        "Drive-thru queue": 0,
        "Kitchen queue": 0,
        "Packing queue": 1
      },
      "wait_WALK_IN_avg": 18.424645304524898,
      "wait_WALK_IN_p90": 28.8041720207922,
      "wait_DRIVE_THRU_avg": 24.4134328701133,
      "wait_DRIVE_THRU_p90": 34.497452271901565,
      "wait_MOBILE_avg": 20.00177444491494,
      "wait_MOBILE_p90": 30.62881774453381,
      "util_CASHIER": 0.5067082646366216,
      "util_DRIVE_THRU": 0.549738121494465,
      "util_COOK": 0.5305259246630075,
      "util_PACKER": 0.6936729666410799,
      "util_ESPRESSO": 0.1284116430404839,
      "util_BUSSER": 0.7644696723702947,
      "util_BREW": 0.16145833333333334,
      "waste_items": 104,
      "cost_waste": 308.6999999999999,
      "balk_count": 2,
      "renege_count": 157,
      "renege_percentage": 0.19551681195516812,
      "renege_breakdown": {
        "kitchen": 53,
        "packing": 92,
        "pickup": 12
      },
      "no_seat_count": 0,
      "time_simulated": 480.10767774739475,
      "total_labour_costs": 1080.2584265937473,
      "total_sales_price": 4500.0,
      "total_penalties": 24.57000000000001,
      "total_profit": 3086.4715734062524,
      "order_timings": {
        "wait_to_kitchen_done": 10166.989772203146,
        "wait_to_packing_done": 2414.7378824133293,
        "wait_to_pickup": 370.24287213760715,
        "queue_wait_kitchen": 9361.641656557904,
        "queue_wait_packing": 2069.687311825118
      }
    },
    {
      "scenario_id": 1,
      "replication": 3,
      "random_seed": 3,
      "num_cooks": 3,
      "num_packers": 1,
      "lambda_walkin": 20,
      "arrival_total": 768,
      "arrival_breakdown": {
        "WALK_IN": 323,
        "DRIVE_THRU": 253,
        "MOBILE": 192
      },
      "throughput_total": 680,
      "throughput_breakdown": {
        "WALK_IN": 268,
        "DRIVE_THRU": 239,
        "MOBILE": 173
      },
      "queue_lengths": 1,
      "queue_breakdown": {
        "Walkin queue": 0,
        "Drive-thru queue": 0,
        "Kitchen queue": 1,
        "Packing queue": 0
      },
      "wait_WALK_IN_avg": 13.647766096727805,
      "wait_WALK_IN_p90": 24.330249631890663,
      "wait_DRIVE_THRU_avg": 18.788626995971665,
      "wait_DRIVE_THRU_p90": 32.88892636806053,
      "wait_MOBILE_avg": 13.35862637910994,
      "wait_MOBILE_p90": 25.44710249639839,
      "util_CASHIER": 0.47584963693358007,
      "util_DRIVE_THRU": 0.5204787836701417,
      "util_COOK": 0.5040389610602833,
      "util_PACKER": 0.7158579930051628,
      "util_ESPRESSO": 0.1107045230641322,
      "util_BUSSER": 0.9049426095189291,
      "util_BREW": 0.15625,
      "waste_items": 40,
      "cost_waste": 174.15,
      "balk_count": 0,
      "renege_count": 82,
      "renege_percentage": 0.10677083333333333,
      "renege_breakdown": {
        "kitchen": 42,
        "packing": 31,
        "pickup": 9
      },
      "no_seat_count": 0,
      "time_simulated": 480.025148419367,
      "total_labour_costs": 1080.0603562064807,
      "total_sales_price": 4801.5,
      "total_penalties": 19.040000000000003,
      "total_profit": 3528.2496437935197,
      "order_timings": {
        "wait_to_kitchen_done": 6539.931985998963,
        "wait_to_packing_done": 2626.6177513296752,
        "wait_to_pickup": 382.53451948502885,
        "queue_wait_kitchen": 5697.342853870033,
        "queue_wait_packing": 2265.5110027974174
      }
    },
    {
      "scenario_id": 1,
      "replication": 4,
      "random_seed": 4,
      "num_cooks": 3,
      "num_packers": 1,
      "lambda_walkin": 20,
      "arrival_total": 756,
      "arrival_breakdown": {
        "WALK_IN": 303,
        "DRIVE_THRU": 271,
        "MOBILE": 182
      },
      "throughput_total": 681,
      "throughput_breakdown": {
        "WALK_IN": 261,
        "DRIVE_THRU": 248,
        "MOBILE": 172
      },
      "queue_lengths": 0,
      "queue_breakdown": {
        "Walkin queue": 0,
        "Drive-thru queue": 0,
        "Kitchen queue": 0,
        "Packing queue": 0
      },
      "wait_WALK_IN_avg": 18.491485647339033,
      "wait_WALK_IN_p90": 28.057204484391207,
      "wait_DRIVE_THRU_avg": 21.28792225196062,
      "wait_DRIVE_THRU_p90": 33.313581544594136,
      "wait_MOBILE_avg": 18.450428110560008,
      "wait_MOBILE_p90": 28.903900223898827,
      "util_CASHIER": 0.422924679392353,
      "util_DRIVE_THRU": 0.5131646989873705,
      "util_COOK": 0.5801233879896617,
      "util_PACKER": 0.7331109886637238,
      "util_ESPRESSO": 0.10859346474631565,
      "util_BUSSER": 0.8758723334437194,
      "util_BREW": 0.15625,
      "waste_items": 51,
      "cost_waste": 223.35,
      "balk_count": 2,
      "renege_count": 74,
      "renege_percentage": 0.09788359788359788,
      "renege_breakdown": {
        "kitchen": 24,
        "packing": 48,
        "pickup": 3
      },
      "no_seat_count": 0,
      "time_simulated": 480.1685211439216,
      "total_labour_costs": 1080.4044507454119,
      "total_sales_price": 4748.0,
      "total_penalties": 12.004999999999997,
      "total_profit": 3432.2405492545877,
      "order_timings": {
        "wait_to_kitchen_done": 9055.138926472577,
        "wait_to_packing_done": 2926.2150241631552,